<?xml version="1.0" encoding="UTF-8" standalone="yes"?>
<addon id="plugin.video.youtube" name="YouTube" version="6.8.17+matrix.1" provider-name="anxdpanic, bromix">
  <requires>
    <import addon="xbmc.python" version="3.0.0"/>
    <import addon="script.module.six" version="1.11.0"/>
    <import addon="script.module.requests" version="2.12.4"/>
    <import addon="script.module.inputstreamhelper" version="0.2.2" optional="true"/>
  </requires>
  <extension point="xbmc.python.pluginsource" library="resources/lib/default.py">
    <provides>video</provides>
  </extension>
  <extension point="xbmc.service" library="resources/lib/startup.py"/>
  <extension point="xbmc.python.module" library="resources/lib/"/>
  <extension point="xbmc.addon.metadata">
    <news>
[fix] Fix comments on Kodi 19+ |contrib: ramateur|
[fix] Fix ratebypass
[upd] Update icon and fanart |contrib: papercore-dev|
[lang] translation updates from Weblate
        </news>
    <assets>
      <icon>icon.png</icon>
      <fanart>fanart.jpg</fanart>
    </assets>
    <platform>all</platform>
    <license>GPL-2.0-only</license>
    <forum>https://ytaddon.panicked.xyz/forum</forum>
    <website>https://www.youtube.com</website>
    <source>https://github.com/anxdpanic/plugin.video.youtube</source>
    <reuselanguageinvoker>true</reuselanguageinvoker>
    <summary lang="bg_BG">Добавка за YouTube</summary>
    <summary lang="cs_CZ">Plugin pro YouTube</summary>
    <summary lang="de_DE">Plugin für YouTube</summary>
    <summary lang="el_GR">Πρόσθετο YouTube</summary>
    <summary lang="en_GB">Plugin for YouTube</summary>
    <summary lang="es_ES">Plugin para YouTube</summary>
    <summary lang="es_MX">Plugin para YouTube</summary>
    <summary lang="fr_FR">Plugin pour YouTube</summary>
    <summary lang="he_IL">תוסף עבור YouTube</summary>
    <summary lang="hu_HU">YouTube kiegészítő</summary>
    <summary lang="ko_KR">유튜브 플러그인</summary>
    <summary lang="nb_NO">Tillegg for YouTube</summary>
    <summary lang="pl_PL">Wtyczka YouTube</summary>
    <summary lang="ru_RU">Видеодополнение YouTube</summary>
    <summary lang="tr_TR">YouTube için eklenti</summary>
    <summary lang="vi_VN">Plugin dành cho YouTube</summary>
    <summary lang="zh_CN">YouTube附加元件</summary>
    <summary lang="zh_TW">YouTube附加元件</summary>
    <description lang="bg_BG">YouTube е един от най-големите уеб сайтове за споделяне на видео в целия свят.</description>
    <description lang="cs_CZ">YouTube je jedna z největších webových stránek světa sdílející video.</description>
    <description lang="de_DE">YouTube ist eines der größten Video-Sharing-Websites der Welt.</description>
    <description lang="el_GR">Το YouTube είναι μία από τις μεγαλύτερες ιστοσελίδες διαμοιρασμού βίντεο στον κόσμο.</description>
    <description lang="en_GB">YouTube is one of the biggest video-sharing websites of the world.</description>
    <description lang="es_ES">YouTube es uno de los sitios web más grande del mundo para compartir vídeos.</description>
    <description lang="es_MX">YouTube es uno de los más grandes sitios web de intercambio de videos del mundo.</description>
    <description lang="fr_FR">YouTube est l'un des plus grands sites de partage vidéos du monde.</description>
    <description lang="he_IL">YouTube הוא אחד מאתרי שיתוף הווידאו הגדולים בעולם.</description>
    <description lang="hu_HU">A YouTube világ egyik legnagyobb videómegosztó weboldala.</description>
    <description lang="ko_KR">유튜브는 세상에서 가장 큰 동영상 공유 사이트 중의 하나입니다.</description>
    <description lang="nb_NO">YouTube er en av verdens største nettsider for videodeling.</description>
    <description lang="pl_PL">YouTube jest jednym z największych na świecie serwisów udostępniania wideo.</description>
    <description lang="ru_RU">YouTube - популярнейший видеохостинговый сайт, предоставляющий пользователям услуги хранения, доставки и показа видео.</description>
    <description lang="tr_TR">YouTube, dünya üzerindeki en büyük video paylaşma platformlarından birisidir.</description>
    <description lang="vi_VN">YouTube là một trong những trang web chia sẻ video lớn nhất trên thế giới.</description>
    <description lang="zh_CN">「Youtube」是全世界最大的影片分享網站</description>
    <description lang="zh_TW">「Youtube」是全世界最大的影片分享網站</description>
    <disclaimer lang="cs_CZ">Tento plugin není schválen společností Google</disclaimer>
    <disclaimer lang="de_DE">Dieses Plugin ist nicht von Google befürwortet</disclaimer>
    <disclaimer lang="el_GR">Η παρούσα μικροεφαρμογή δεν έχει υϊοθετηθεί από την Google</disclaimer>
    <disclaimer lang="en_GB">This plugin is not endorsed by Google</disclaimer>
    <disclaimer lang="es_ES">Este add-on no está respaldado por Google</disclaimer>
    <disclaimer lang="es_MX">Este add-on no está respaldado por Google</disclaimer>
    <disclaimer lang="pl_PL">Ta wtyczka nie jest zatwierdzona przez Google</disclaimer>
    <disclaimer lang="ru_RU">Плагин не поддерживается Google</disclaimer>
    <disclaimer lang="tr_TR">Bu eklenti Google tarafından üretilmemiştir</disclaimer>
    <disclaimer lang="vi_VN">Plugin này không được xác nhận bởi Google</disclaimer>
    <disclaimer lang="zh_TW">此附加元件未由Google支持</disclaimer>
  </extension>
</addon>
